{"cameraMode":{"drawMode":0,"name":"Shaded","section":"Shading Mode"},"sceneLighting":true,"audioPlay":false,"sceneViewState":{"showFog":true,"showMaterialUpdate":false,"showSkybox":true,"showFlares":true,"showImageEffects":true,"showParticleSystems":true},"in2DMode":false,"pivot":{"x":354.1302185058594,"y":171.3450927734375,"z":359.19989013671877},"rotation":{"x":-0.1036224514245987,"y":-0.003881661221385002,"z":0.00040447351057082415,"w":-0.9946097135543823},"size":1275.28759765625,"orthographic":false}